filename,filepath,haplotype_count,load_time,matrix_rows,matrix_cols,matrix_size,matrix_density,ones_count,zeros_count,row_min_sum,row_max_sum,row_mean_sum,row_std_sum,col_min_sum,col_max_sum,col_mean_sum,col_std_sum,ilp_calls_total,preprocessing_time,clustering_time,total_time,ilp_time_total,ilp_time_ratio,avg_ilp_time,patterns_found,regions_found,clustering_steps,regions_processed,matrix_operations,avg_region_size,largest_region,smallest_region,ilp_calls_per_pattern,time_per_ilp_call,patterns_per_second,matrix_complexity,solver_success_count,solver_failed_count,solver_error_count
matrix_edge_7_268722_273722.csv,2/matrix_edge_7_268722_273722.csv,2,0.17016315460205078,36,244,8784,0.9610655737704918,8442,342,221,242,234.5,5.047001309908907,32,36,34.59836065573771,0.7204260586576616,0,0.017531394958496094,1.2159347534179688e-05,0.017543554306030273,0.0,0.0,0.0,0,0,25,0,0,0.0,0,0,0.0,0.0,0.0,8442.0,0,0,0
matrix_edge_7_134361_139361.csv,2/matrix_edge_7_134361_139361.csv,2,0.17154455184936523,35,262,9170,0.9608505997818975,8811,359,241,261,251.74285714285713,5.095336002619635,32,35,33.62977099236641,0.6569876497948683,0,0.01825547218322754,1.1920928955078125e-05,0.018267393112182617,0.0,0.0,0.0,0,0,25,0,0,0.0,0,0,0.0,0.0,0.0,8811.0,0,0,0
matrix_edge_7_0_5000.csv,2/matrix_edge_7_0_5000.csv,2,0.17422747611999512,58,161,9338,0.9630541871921182,8993,345,144,161,155.05172413793105,3.461225683806958,53,57,55.857142857142854,0.7948369328221808,0,0.008087158203125,9.5367431640625e-06,0.008096694946289062,0.0,0.0,0.0,0,0,7,0,0,0.0,0,0,0.0,0.0,0.0,8993.0,0,0,0
matrix_edge_8_84857_89857.csv,2/matrix_edge_8_84857_89857.csv,2,0.2048327922821045,88,125,11000,0.8947272727272727,9842,1158,98,123,111.8409090909091,10.014632888969343,45,87,78.736,13.4385380157218,0,0.006710529327392578,8.58306884765625e-06,0.006719112396240234,0.0,0.0,0.0,0,0,2,0,0,0.0,0,0,0.0,0.0,0.0,9842.0,0,0,0
matrix_edge_7_238864_243864.csv,2/matrix_edge_7_238864_243864.csv,2,0.21465396881103516,39,285,11115,0.9637426900584796,10712,403,255,282,274.6666666666667,5.474103759138291,25,39,37.5859649122807,1.031340227779135,0,0.022157907485961914,1.33514404296875e-05,0.0221712589263916,0.0,0.0,0.0,0,0,31,0,0,0.0,0,0,0.0,0.0,0.0,10712.0,0,0,0
matrix_edge_7_14929_19929.csv,2/matrix_edge_7_14929_19929.csv,2,0.20857810974121094,49,231,11319,0.968106723208764,10958,361,214,230,223.6326530612245,3.988216713407494,43,49,47.43722943722944,0.8027006009203338,0,0.021220922470092773,1.2636184692382812e-05,0.021233558654785156,0.0,0.0,0.0,0,0,30,0,0,0.0,0,0,0.0,0.0,0.0,10958.0,0,0,0
matrix_edge_7_253793_258793.csv,2/matrix_edge_7_253793_258793.csv,2,0.21561145782470703,42,271,11382,0.9651203654893692,10985,397,246,268,261.54761904761904,4.645542568918854,37,42,40.535055350553506,0.6582347358017663,0,0.023234128952026367,1.3113021850585938e-05,0.023247241973876953,0.0,0.0,0.0,0,0,32,0,0,0.0,0,0,0.0,0.0,0.0,10985.0,0,0,0
matrix_edge_7_104503_109503.csv,2/matrix_edge_7_104503_109503.csv,2,0.25919103622436523,53,228,12084,0.9639192320423701,11648,436,208,226,219.77358490566039,3.9603769090402188,48,53,51.08771929824562,0.7842909806055127,0,0.016185522079467773,1.0728836059570312e-05,0.016196250915527344,0.0,0.0,0.0,0,0,19,0,0,0.0,0,0,0.0,0.0,0.0,11648.0,0,0,0
matrix_edge_7_283651_288651.csv,2/matrix_edge_7_283651_288651.csv,2,0.23923897743225098,44,279,12276,0.9671717171717171,11873,403,256,278,269.84090909090907,5.518329711961524,40,44,42.55555555555556,0.7402626892287074,0,0.022269248962402344,1.239776611328125e-05,0.022281646728515625,0.0,0.0,0.0,0,0,30,0,0,0.0,0,0,0.0,0.0,0.0,11873.0,0,0,0
matrix_edge_7_179148_184148.csv,2/matrix_edge_7_179148_184148.csv,2,0.23591399192810059,47,264,12408,0.9668762088974855,11997,411,243,262,255.25531914893617,4.969986879157229,43,47,45.44318181818182,0.7812861561881406,0,0.021173954010009766,1.2636184692382812e-05,0.02118659019470215,0.0,0.0,0.0,0,0,27,0,0,0.0,0,0,0.0,0.0,0.0,11997.0,0,0,0
matrix_edge_7_59716_64716.csv,2/matrix_edge_7_59716_64716.csv,2,0.25254058837890625,43,299,12857,0.9665551839464883,12427,430,276,297,289.0,5.020886607520767,39,43,41.561872909699,0.7306142354933829,0,0.025323867797851562,1.239776611328125e-05,0.025336265563964844,0.0,0.0,0.0,0,0,29,0,0,0.0,0,0,0.0,0.0,0.0,12427.0,0,0,0
matrix_edge_7_119432_124432.csv,2/matrix_edge_7_119432_124432.csv,2,0.24152445793151855,47,276,12972,0.9651557200123343,12520,452,256,274,266.3829787234043,4.210186186257274,39,47,45.36231884057971,0.8963858914868232,0,0.022530317306518555,1.3113021850585938e-05,0.02254343032836914,0.0,0.0,0.0,0,0,29,0,0,0.0,0,0,0.0,0.0,0.0,12520.0,0,0,0
matrix_edge_7_74645_79645.csv,2/matrix_edge_7_74645_79645.csv,2,0.2581467628479004,41,333,13653,0.964916135647843,13174,479,311,330,321.3170731707317,5.270437684375933,36,41,39.56156156156156,0.7310940175014362,0,0.026591062545776367,1.33514404296875e-05,0.026604413986206055,0.0,0.0,0.0,0,0,33,0,0,0.0,0,0,0.0,0.0,0.0,13174.0,0,0,0
matrix_edge_7_209006_214006.csv,2/matrix_edge_7_209006_214006.csv,2,0.2874946594238281,41,342,14022,0.9627014691199544,13499,523,317,338,329.2439024390244,5.830033626664845,35,41,39.47076023391813,0.7198269820121317,0,0.02875041961669922,1.3828277587890625e-05,0.02876424789428711,0.0,0.0,0.0,0,0,37,0,0,0.0,0,0,0.0,0.0,0.0,13499.0,0,0,0
matrix_edge_7_44787_49787.csv,2/matrix_edge_7_44787_49787.csv,2,0.27162766456604004,48,295,14160,0.9675847457627119,13701,459,268,293,285.4375,5.533632961265139,43,48,46.44406779661017,0.7742182906036995,0,0.025491952896118164,1.33514404296875e-05,0.02550530433654785,0.0,0.0,0.0,0,0,34,0,0,0.0,0,0,0.0,0.0,0.0,13701.0,0,0,0
matrix_edge_7_29858_34858.csv,2/matrix_edge_7_29858_34858.csv,2,0.269697904586792,48,299,14352,0.9665551839464883,13872,480,274,297,289.0,5.5377492419453835,39,48,46.39464882943144,0.9492673431227715,0,0.024254322052001953,1.2874603271484375e-05,0.024267196655273438,0.0,0.0,0.0,0,0,29,0,0,0.0,0,0,0.0,0.0,0.0,13872.0,0,0,0
matrix_edge_7_89574_94574.csv,2/matrix_edge_7_89574_94574.csv,2,0.2856924533843994,45,339,15255,0.9668960996394624,14750,505,316,335,327.77777777777777,5.407356671502215,41,45,43.51032448377581,0.7096342161064256,0,0.028569936752319336,1.33514404296875e-05,0.028583288192749023,0.0,0.0,0.0,0,0,37,0,0,0.0,0,0,0.0,0.0,0.0,14750.0,0,0,0
matrix_edge_7_164219_169219.csv,2/matrix_edge_7_164219_169219.csv,2,0.30556511878967285,48,331,15888,0.9670191339375629,15364,524,310,330,320.0833333333333,5.326167060424932,44,48,46.41691842900302,0.7176355452620179,0,0.027581453323364258,1.3113021850585938e-05,0.027594566345214844,0.0,0.0,0.0,0,0,35,0,0,0.0,0,0,0.0,0.0,0.0,15364.0,0,0,0
matrix_edge_7_149290_154290.csv,2/matrix_edge_7_149290_154290.csv,2,0.3139662742614746,47,343,16121,0.9653247317163948,15562,559,310,340,331.1063829787234,5.947407955171916,42,47,45.370262390670554,0.8080799623872488,0,0.02811574935913086,1.2874603271484375e-05,0.028128623962402344,0.0,0.0,0.0,0,0,32,0,0,0.0,0,0,0.0,0.0,0.0,15562.0,0,0,0
matrix_edge_7_194077_199077.csv,2/matrix_edge_7_194077_199077.csv,2,0.31176114082336426,45,370,16650,0.964984984984985,16067,583,342,369,357.0444444444444,6.149816819514241,41,45,43.424324324324324,0.7248132678091034,0,0.032422542572021484,1.4066696166992188e-05,0.03243660926818848,0.0,0.0,0.0,0,0,37,0,0,0.0,0,0,0.0,0.0,0.0,16067.0,0,0,0
matrix_edge_7_223935_228935.csv,2/matrix_edge_7_223935_228935.csv,2,0.3131704330444336,48,349,16752,0.9665114613180515,16191,561,324,348,337.3125,5.331339145405527,41,48,46.392550143266476,0.9008442878026932,0,0.03222513198852539,1.430511474609375e-05,0.032239437103271484,0.0,0.0,0.0,0,0,40,0,0,0.0,0,0,0.0,0.0,0.0,16191.0,0,0,0
matrix_edge_8_0_5000.csv,2/matrix_edge_8_0_5000.csv,2,0.32942986488342285,49,352,17248,0.9649814471243042,16644,604,324,350,339.6734693877551,6.494543251452042,44,49,47.28409090909091,0.7605151309887331,0,0.028526782989501953,1.2636184692382812e-05,0.028539419174194336,0.0,0.0,0.0,0,0,32,0,0,0.0,0,0,0.0,0.0,0.0,16644.0,0,0,0
matrix_ctg0_85000_90000.csv,3/matrix_ctg0_85000_90000.csv,3,0.012024164199829102,45,9,405,0.6444444444444445,261,144,1,9,5.8,3.5876330792196565,29,29,29.0,0.0,3,0.00010967254638671875,0.06641817092895508,0.0665278434753418,0.06610584259033203,0.9936567779298877,0.02203528086344401,3,1,1,1,0,9.0,9,9,1.0,0.02203528086344401,3.0,261.0,3,0,0
matrix_ctg0_90000_95000.csv,3/matrix_ctg0_90000_95000.csv,3,0.014843225479125977,58,10,580,0.6017241379310345,349,231,1,10,6.017241379310345,4.049228872140646,33,36,34.9,0.7,3,0.00011944770812988281,0.13848423957824707,0.13860368728637695,0.13814020156860352,0.9966560361643496,0.04604673385620117,3,1,1,1,0,10.0,10,10,1.0,0.04604673385620117,3.0,349.0,3,0,0
matrix_ctg0_95000_100000.csv,3/matrix_ctg0_95000_100000.csv,3,0.020394325256347656,49,15,735,0.6952380952380952,511,224,2,15,10.428571428571429,5.617029500382142,34,35,34.06666666666667,0.24944382578492946,6,0.00012135505676269531,0.4093201160430908,0.4094414710998535,0.4086594581604004,0.9980900495073143,0.06810990969340007,6,1,1,1,0,15.0,15,15,1.0,0.06810990969340007,6.0,511.0,6,0,0
matrix_ctg0_5000_10000.csv,3/matrix_ctg0_5000_10000.csv,3,0.020867109298706055,74,12,888,0.7319819819819819,650,238,4,12,8.783783783783784,3.0236467612858364,46,60,54.166666666666664,5.799904213768438,6,0.00013399124145507812,0.20363354682922363,0.2037675380706787,0.20300626754760742,0.9962640245336466,0.033834377924601235,6,1,1,1,0,12.0,12,12,1.0,0.033834377924601235,6.0,650.0,6,0,0
matrix_ctg0_55000_60000.csv,3/matrix_ctg0_55000_60000.csv,3,0.026774168014526367,42,29,1218,0.9129720853858785,1112,106,2,29,26.476190476190474,6.804193718156106,16,40,38.3448275862069,4.2367510492159095,0,0.0019278526306152344,8.344650268554688e-06,0.001936197280883789,0.0,0.0,0.0,0,0,1,0,0,0.0,0,0,0.0,0.0,0.0,1112.0,0,0,0
matrix_ctg0_70000_75000.csv,3/matrix_ctg0_70000_75000.csv,3,0.02850055694580078,90,15,1350,0.8266666666666667,1116,234,2,14,12.4,2.9280255007997,55,83,74.4,11.104353500617075,5,0.00012111663818359375,0.40834665298461914,0.40846776962280273,0.4077117443084717,0.9981491188031085,0.08154234886169434,5,1,1,1,0,15.0,15,15,1.0,0.08154234886169434,5.0,1116.0,5,0,0
matrix_ctg0_35000_40000.csv,3/matrix_ctg0_35000_40000.csv,3,0.030857086181640625,55,26,1430,0.9104895104895104,1302,128,0,26,23.672727272727272,7.360964722975691,50,52,50.07692307692308,0.38461538461538464,0,0.0018320083618164062,7.3909759521484375e-06,0.0018393993377685547,0.0,0.0,0.0,0,0,1,0,0,0.0,0,0,0.0,0.0,0.0,1302.0,0,0,0
matrix_ctg0_30000_35000.csv,3/matrix_ctg0_30000_35000.csv,3,0.037892818450927734,66,28,1848,0.8333333333333334,1540,308,0,28,23.333333333333332,10.43498389499902,55,55,55.0,0.0,0,0.001901865005493164,7.867813110351562e-06,0.0019097328186035156,0.0,0.0,0.0,0,0,1,0,0,0.0,0,0,0.0,0.0,0.0,1540.0,0,0,0
matrix_ctg0_80000_85000.csv,3/matrix_ctg0_80000_85000.csv,3,0.04256629943847656,61,33,2013,0.6537506209637357,1316,697,4,33,21.57377049180328,12.763240012608755,38,41,39.878787878787875,0.6399609721800872,0,0.002516031265258789,8.58306884765625e-06,0.0025246143341064453,0.0,0.0,0.0,0,0,2,0,0,0.0,0,0,0.0,0.0,0.0,1316.0,0,0,0
matrix_ctg0_10000_15000.csv,3/matrix_ctg0_10000_15000.csv,3,0.042322635650634766,82,25,2050,0.7341463414634146,1505,545,3,24,18.353658536585368,8.708521130114265,43,63,60.2,5.314132102234569,0,0.0067903995513916016,8.344650268554688e-06,0.006798744201660156,0.0,0.0,0.0,0,0,1,0,0,0.0,0,0,0.0,0.0,0.0,1505.0,0,0,0
matrix_ctg0_15000_20000.csv,3/matrix_ctg0_15000_20000.csv,3,0.04416656494140625,66,32,2112,0.6226325757575758,1315,797,0,32,19.924242424242426,15.46678808017321,41,43,41.09375,0.38400642898264087,0,0.001988649368286133,8.344650268554688e-06,0.0019969940185546875,0.0,0.0,0.0,0,0,1,0,0,0.0,0,0,0.0,0.0,0.0,1315.0,0,0,0
matrix_ctg0_75000_80000.csv,3/matrix_ctg0_75000_80000.csv,3,0.05592536926269531,61,46,2806,0.6464718460441911,1814,992,17,40,29.737704918032787,9.403350709649427,25,58,39.43478260869565,5.16952682181229,0,0.004748821258544922,9.298324584960938e-06,0.004758119583129883,0.0,0.0,0.0,0,0,5,0,0,0.0,0,0,0.0,0.0,0.0,1814.0,0,0,0
matrix_ctg0_65000_70000.csv,3/matrix_ctg0_65000_70000.csv,3,0.06688427925109863,80,44,3520,0.7332386363636364,2581,939,1,44,32.2625,18.62776405664405,43,60,58.65909090909091,2.392632458745937,0,0.002216339111328125,7.867813110351562e-06,0.0022242069244384766,0.0,0.0,0.0,0,0,1,0,0,0.0,0,0,0.0,0.0,0.0,2581.0,0,0,0
matrix_edge_11_106644_111644.csv,4/matrix_edge_11_106644_111644.csv,4,0.02821516990661621,59,21,1239,0.9774011299435028,1211,28,18,21,20.52542372881356,0.8306814071079895,56,59,57.666666666666664,1.0389249632986395,0,0.0018086433410644531,7.152557373046875e-06,0.0018157958984375,0.0,0.0,0.0,0,0,0,0,0,0.0,0,0,0.0,0.0,0.0,1211.0,0,0,0
matrix_edge_11_115531_120531.csv,4/matrix_edge_11_115531_120531.csv,4,0.10409855842590332,60,58,3480,0.9738505747126437,3389,91,49,58,56.483333333333334,1.8393084449204151,57,60,58.43103448275862,0.7218766005330456,0,0.003819704055786133,8.344650268554688e-06,0.0038280487060546875,0.0,0.0,0.0,0,0,3,0,0,0.0,0,0,0.0,0.0,0.0,3389.0,0,0,0
matrix_edge_11_79983_84983.csv,4/matrix_edge_11_79983_84983.csv,4,0.10582828521728516,64,86,5504,0.7494549418604651,4125,1379,59,74,64.453125,2.8989744280305407,2,64,47.96511627906977,22.325523861359976,0,0.005299568176269531,8.58306884765625e-06,0.0053081512451171875,0.0,0.0,0.0,0,0,4,0,0,0.0,0,0,0.0,0.0,0.0,4125.0,0,0,0
matrix_edge_11_35548_40548.csv,4/matrix_edge_11_35548_40548.csv,4,0.13428759574890137,10,652,6520,0.8622699386503068,5622,898,530,602,562.2,23.185340195908275,3,10,8.622699386503067,1.4395722189022704,0,0.02398824691772461,1.1205673217773438e-05,0.023999452590942383,0.0,0.0,0.0,0,0,17,0,0,0.0,0,0,0.0,0.0,0.0,5622.0,0,0,0
matrix_edge_11_0_5000.csv,4/matrix_edge_11_0_5000.csv,4,0.1460738182067871,13,555,7215,0.927096327096327,6689,526,418,546,514.5384615384615,31.012690664444463,6,13,12.052252252252252,0.6430287072524703,0,0.01711726188659668,1.0728836059570312e-05,0.01712799072265625,0.0,0.0,0.0,0,0,15,0,0,0.0,0,0,0.0,0.0,0.0,6689.0,0,0,0
matrix_edge_11_159966_164966.csv,4/matrix_edge_11_159966_164966.csv,4,0.14105558395385742,56,133,7448,0.9648227712137487,7186,262,120,133,128.32142857142858,2.9100021039335964,51,56,54.03007518796993,0.8401561761731011,0,0.006266593933105469,8.344650268554688e-06,0.0062749385833740234,0.0,0.0,0.0,0,0,4,0,0,0.0,0,0,0.0,0.0,0.0,7186.0,0,0,0
matrix_edge_11_151079_156079.csv,4/matrix_edge_11_151079_156079.csv,4,0.14966845512390137,51,154,7854,0.9634581105169341,7567,287,140,154,148.37254901960785,3.003010152012023,46,51,49.13636363636363,0.9807774667054533,0,0.009163379669189453,9.5367431640625e-06,0.009172916412353516,0.0,0.0,0.0,0,0,10,0,0,0.0,0,0,0.0,0.0,0.0,7567.0,0,0,0
matrix_edge_11_133305_138305.csv,4/matrix_edge_11_133305_138305.csv,4,0.19196295738220215,42,241,10122,0.965026674570243,9768,354,221,240,232.57142857142858,4.282538505888974,38,42,40.531120331950206,0.7401261457760432,0,0.02058696746826172,1.239776611328125e-05,0.020599365234375,0.0,0.0,0.0,0,0,29,0,0,0.0,0,0,0.0,0.0,0.0,9768.0,0,0,0
matrix_edge_19_14196_19196.csv,4/matrix_edge_19_14196_19196.csv,4,0.1923203468322754,59,173,10207,0.9364161849710982,9558,649,143,172,162.0,8.594440457624977,22,59,55.2485549132948,5.334104547356476,0,0.008904695510864258,9.298324584960938e-06,0.008913993835449219,0.0,0.0,0.0,0,0,7,0,0,0.0,0,0,0.0,0.0,0.0,9558.0,0,0,0
matrix_edge_11_44435_49435.csv,4/matrix_edge_11_44435_49435.csv,4,0.20463132858276367,27,400,10800,0.9443518518518519,10199,601,359,393,377.74074074074076,10.827237917991118,8,27,25.4975,1.7029368015284656,0,0.024258852005004883,1.2874603271484375e-05,0.024271726608276367,0.0,0.0,0.0,0,0,30,0,0,0.0,0,0,0.0,0.0,0.0,10199.0,0,0,0
matrix_edge_11_168853_173853.csv,4/matrix_edge_11_168853_173853.csv,4,0.21532225608825684,61,190,11590,0.964106988783434,11174,416,170,190,183.18032786885246,3.783086590972654,55,61,58.810526315789474,0.8801284217551228,0,0.009251117706298828,9.5367431640625e-06,0.00926065444946289,0.0,0.0,0.0,0,0,7,0,0,0.0,0,0,0.0,0.0,0.0,11174.0,0,0,0
matrix_edge_19_28392_33392.csv,4/matrix_edge_19_28392_33392.csv,4,0.22069025039672852,58,202,11716,0.9328269033799932,10929,787,174,199,188.43103448275863,6.457051929441222,28,58,54.103960396039604,6.588625373722747,0,0.010324954986572266,9.775161743164062e-06,0.01033473014831543,0.0,0.0,0.0,0,0,8,0,0,0.0,0,0,0.0,0.0,0.0,10929.0,0,0,0
matrix_edge_11_124418_129418.csv,4/matrix_edge_11_124418_129418.csv,4,0.2225193977355957,42,281,11802,0.9665310964243349,11407,395,259,279,271.5952380952381,4.840599745454235,38,42,40.594306049822066,0.7201988892947112,0,0.024840354919433594,1.33514404296875e-05,0.02485370635986328,0.0,0.0,0.0,0,0,34,0,0,0.0,0,0,0.0,0.0,0.0,11407.0,0,0,0
matrix_edge_10_97008_102008.csv,4/matrix_edge_10_97008_102008.csv,4,0.23495888710021973,37,333,12321,0.959581202824446,11823,498,302,330,319.5405405405405,6.162636302289987,20,37,35.5045045045045,1.3570450622697687,0,0.021623611450195312,1.2636184692382812e-05,0.021636247634887695,0.0,0.0,0.0,0,0,26,0,0,0.0,0,0,0.0,0.0,0.0,11823.0,0,0,0
matrix_edge_11_71096_76096.csv,4/matrix_edge_11_71096_76096.csv,4,0.23003768920898438,52,237,12324,0.7592502434274586,9357,2967,166,212,179.94230769230768,9.640486465419722,1,52,39.48101265822785,18.592585582348963,0,0.016771554946899414,1.1444091796875e-05,0.01678299903869629,0.0,0.0,0.0,0,0,20,0,0,0.0,0,0,0.0,0.0,0.0,9357.0,0,0,0
matrix_edge_11_142192_147192.csv,4/matrix_edge_11_142192_147192.csv,4,0.23674249649047852,47,269,12643,0.965039943051491,12201,442,241,267,259.59574468085106,5.934606672758021,41,47,45.35687732342007,0.7801910378762543,0,0.024251699447631836,1.2874603271484375e-05,0.02426457405090332,0.0,0.0,0.0,0,0,32,0,0,0.0,0,0,0.0,0.0,0.0,12201.0,0,0,0
matrix_edge_10_0_5000.csv,4/matrix_edge_10_0_5000.csv,4,0.26177263259887695,43,320,13760,0.9659156976744186,13291,469,294,318,309.09302325581393,5.043134654061306,39,43,41.534375,0.7365923970385522,0,0.02813863754272461,1.4066696166992188e-05,0.0281527042388916,0.0,0.0,0.0,0,0,37,0,0,0.0,0,0,0.0,0.0,0.0,13291.0,0,0,0
matrix_edge_10_109134_114134.csv,4/matrix_edge_10_109134_114134.csv,4,0.2651329040527344,44,318,13992,0.9537592910234419,13345,647,286,315,303.29545454545456,6.56637282417894,25,44,41.965408805031444,2.0760838624553752,0,0.026286602020263672,1.33514404296875e-05,0.02629995346069336,0.0,0.0,0.0,0,0,32,0,0,0.0,0,0,0.0,0.0,0.0,13345.0,0,0,0
matrix_edge_19_42588_47588.csv,4/matrix_edge_19_42588_47588.csv,4,0.2679579257965088,75,194,14550,0.9423367697594501,13711,839,171,191,182.81333333333333,4.7963689970180114,34,75,70.67525773195877,8.167240709680529,0,0.008353948593139648,9.298324584960938e-06,0.00836324691772461,0.0,0.0,0.0,0,0,5,0,0,0.0,0,0,0.0,0.0,0.0,13711.0,0,0,0
matrix_edge_10_84882_89882.csv,4/matrix_edge_10_84882_89882.csv,4,0.3070225715637207,45,347,15615,0.9606788344540506,15001,614,302,345,333.35555555555555,10.727235442876863,40,45,43.23054755043228,1.0291937416373127,0,0.030453920364379883,1.3828277587890625e-05,0.030467748641967773,0.0,0.0,0.0,0,0,40,0,0,0.0,0,0,0.0,0.0,0.0,15001.0,0,0,0
matrix_edge_10_90945_95945.csv,4/matrix_edge_10_90945_95945.csv,4,0.3099710941314697,43,371,15953,0.9649595687331537,15394,559,345,369,358.0,6.723786308738656,38,43,41.493261455525605,0.7678393279376882,0,0.03088855743408203,1.3828277587890625e-05,0.030902385711669922,0.0,0.0,0.0,0,0,39,0,0,0.0,0,0,0.0,0.0,0.0,15394.0,0,0,0
matrix_edge_2_97706_102706.csv,4/matrix_edge_2_97706_102706.csv,4,0.3071110248565674,57,284,16188,0.933283914010378,15108,1080,209,283,265.05263157894734,23.78442734864269,39,57,53.19718309859155,3.4401102107708055,0,0.01922440528869629,1.0967254638671875e-05,0.01923537254333496,0.0,0.0,0.0,0,0,18,0,0,0.0,0,0,0.0,0.0,0.0,15108.0,0,0,0
matrix_edge_10_115197_120197.csv,4/matrix_edge_10_115197_120197.csv,4,0.3464536666870117,76,216,16416,0.8813352826510721,14468,1948,160,211,190.3684210526316,19.65280353996878,33,76,66.98148148148148,12.566476185913796,0,0.00852513313293457,8.344650268554688e-06,0.008533477783203125,0.0,0.0,0.0,0,0,3,0,0,0.0,0,0,0.0,0.0,0.0,14468.0,0,0,0
matrix_edge_10_72756_77756.csv,4/matrix_edge_10_72756_77756.csv,4,0.3183622360229492,70,236,16520,0.9141646489104116,15102,1418,194,233,215.74285714285713,13.401157427929993,30,70,63.99152542372882,9.438467775241323,0,0.012539863586425781,9.298324584960938e-06,0.012549161911010742,0.0,0.0,0.0,0,0,8,0,0,0.0,0,0,0.0,0.0,0.0,15102.0,0,0,0
matrix_edge_10_103071_108071.csv,4/matrix_edge_10_103071_108071.csv,4,0.31502223014831543,42,397,16674,0.9587981288233177,15987,687,350,394,380.64285714285717,9.593701873951394,33,42,40.269521410579344,0.9836973499211223,0,0.030714988708496094,2.384185791015625e-05,0.03073883056640625,0.0,0.0,0.0,0,0,37,0,0,0.0,0,0,0.0,0.0,0.0,15987.0,0,0,0
matrix_edge_10_78819_83819.csv,4/matrix_edge_10_78819_83819.csv,4,0.3251473903656006,68,254,17272,0.9411764705882353,16256,1016,220,253,239.05882352941177,9.635843552531252,41,68,64.0,6.2764401365265625,0,0.01454615592956543,1.0013580322265625e-05,0.014556169509887695,0.0,0.0,0.0,0,0,12,0,0,0.0,0,0,0.0,0.0,0.0,16256.0,0,0,0
matrix_edge_10_6063_11063.csv,4/matrix_edge_10_6063_11063.csv,4,0.35451531410217285,45,391,17595,0.966183574879227,17000,595,364,388,377.77777777777777,5.715044041393008,41,45,43.47826086956522,0.6889059070924457,0,0.03415536880493164,1.5020370483398438e-05,0.03417038917541504,0.0,0.0,0.0,0,0,43,0,0,0.0,0,0,0.0,0.0,0.0,17000.0,0,0,0
matrix_edge_2_111664_116664.csv,4/matrix_edge_2_111664_116664.csv,4,0.3511955738067627,139,133,18487,0.8208470817331097,15175,3312,93,129,109.1726618705036,10.73415047591682,82,137,114.09774436090225,22.622387162435572,0,0.008017539978027344,8.344650268554688e-06,0.008025884628295898,0.0,0.0,0.0,0,0,3,0,0,0.0,0,0,0.0,0.0,0.0,15175.0,0,0,0
matrix_edge_19_99372_104372.csv,4/matrix_edge_19_99372_104372.csv,4,0.35714197158813477,169,110,18590,0.7824636901559978,14546,4044,73,95,86.07100591715977,6.78980611177285,82,167,132.23636363636365,36.89836834843595,0,0.006346225738525391,8.106231689453125e-06,0.006354331970214844,0.0,0.0,0.0,0,0,2,0,0,0.0,0,0,0.0,0.0,0.0,14546.0,0,0,0
matrix_edge_10_66693_71693.csv,4/matrix_edge_10_66693_71693.csv,4,0.36371302604675293,43,442,19006,0.9553298958223719,18157,849,324,441,422.25581395348837,28.98122329038661,37,43,41.07918552036199,1.2976035227425127,0,0.03704571723937988,1.4543533325195312e-05,0.03706026077270508,0.0,0.0,0.0,0,0,43,0,0,0.0,0,0,0.0,0.0,0.0,18157.0,0,0,0
matrix_edge_10_60630_65630.csv,4/matrix_edge_10_60630_65630.csv,4,0.36946916580200195,123,163,20049,0.8422365205247144,16886,3163,100,159,137.28455284552845,24.48843109144353,74,122,103.59509202453988,18.390994741128566,0,0.012041330337524414,9.298324584960938e-06,0.012050628662109375,0.0,0.0,0.0,0,0,6,0,0,0.0,0,0,0.0,0.0,0.0,16886.0,0,0,0
matrix_edge_11_88870_93870.csv,4/matrix_edge_11_88870_93870.csv,4,0.38633012771606445,117,180,21060,0.8541785375118709,17989,3071,129,171,153.75213675213675,15.223074019848209,56,117,99.93888888888888,18.55447352134576,0,0.01043391227722168,8.58306884765625e-06,0.010442495346069336,0.0,0.0,0.0,0,0,4,0,0,0.0,0,0,0.0,0.0,0.0,17989.0,0,0,0
matrix_edge_10_42441_47441.csv,4/matrix_edge_10_42441_47441.csv,4,0.3954780101776123,171,126,21546,0.7866425322565673,16949,4597,88,109,99.11695906432749,5.785473247214155,81,170,134.515873015873,31.828592049553354,0,0.011789321899414062,9.059906005859375e-06,0.011798381805419922,0.0,0.0,0.0,0,0,6,0,0,0.0,0,0,0.0,0.0,0.0,16949.0,0,0,0
matrix_edge_11_53322_58322.csv,4/matrix_edge_11_53322_58322.csv,4,0.43636298179626465,61,370,22570,0.8231280460788658,18578,3992,164,366,304.55737704918033,85.4489636941187,19,61,50.21081081081081,8.329296514332222,0,0.02213907241821289,1.0728836059570312e-05,0.02214980125427246,0.0,0.0,0.0,0,0,18,0,0,0.0,0,0,0.0,0.0,0.0,18578.0,0,0,0
matrix_edge_10_54567_59567.csv,4/matrix_edge_10_54567_59567.csv,4,0.42937684059143066,157,150,23550,0.7991932059447983,18821,4729,112,126,119.87898089171975,3.3431178827523897,72,155,125.47333333333333,29.85223535274294,0,0.01107168197631836,9.059906005859375e-06,0.011080741882324219,0.0,0.0,0.0,0,0,6,0,0,0.0,0,0,0.0,0.0,0.0,18821.0,0,0,0
matrix_edge_11_97757_102757.csv,4/matrix_edge_11_97757_102757.csv,4,0.45128488540649414,101,237,23937,0.899653256464887,21535,2402,179,228,213.21782178217822,14.353806519247804,46,101,90.86497890295358,12.737147791413681,0,0.014574050903320312,9.5367431640625e-06,0.014583587646484375,0.0,0.0,0.0,0,0,5,0,0,0.0,0,0,0.0,0.0,0.0,21535.0,0,0,0
matrix_edge_10_30315_35315.csv,4/matrix_edge_10_30315_35315.csv,4,0.4499802589416504,165,149,24585,0.7950782997762863,19547,5038,91,139,118.46666666666667,17.065482913492577,72,163,131.18791946308724,26.686187545966177,0,0.010587215423583984,8.58306884765625e-06,0.01059579849243164,0.0,0.0,0.0,0,0,5,0,0,0.0,0,0,0.0,0.0,0.0,19547.0,0,0,0
matrix_edge_19_56784_61784.csv,4/matrix_edge_19_56784_61784.csv,4,0.45644593238830566,192,131,25152,0.7422868956743003,18670,6482,85,105,97.23958333333333,5.212654457477069,94,189,142.51908396946564,33.780691703772376,0,0.012974739074707031,9.298324584960938e-06,0.012984037399291992,0.0,0.0,0.0,0,0,6,0,0,0.0,0,0,0.0,0.0,0.0,18670.0,0,0,0
matrix_edge_10_36378_41378.csv,4/matrix_edge_10_36378_41378.csv,4,0.534205436706543,168,161,27048,0.7805013309671694,21111,5937,93,149,125.66071428571429,19.991614419772194,73,166,131.12422360248448,29.372475763403756,0,0.014143943786621094,8.58306884765625e-06,0.01415252685546875,0.0,0.0,0.0,0,0,7,0,0,0.0,0,0,0.0,0.0,0.0,21111.0,0,0,0
matrix_edge_19_85176_90176.csv,4/matrix_edge_19_85176_90176.csv,4,0.527897834777832,167,171,28557,0.7596736351857688,21694,6863,112,144,129.90419161676647,10.744297210618727,76,165,126.86549707602339,34.39297378543395,0,0.013546228408813477,9.059906005859375e-06,0.013555288314819336,0.0,0.0,0.0,0,0,7,0,0,0.0,0,0,0.0,0.0,0.0,21694.0,0,0,0
matrix_edge_10_24252_29252.csv,4/matrix_edge_10_24252_29252.csv,4,0.5316860675811768,169,173,29237,0.7476143243150802,21858,7379,111,145,129.33727810650888,11.840601882772912,75,167,126.34682080924856,31.22371178694195,0,0.014940977096557617,9.059906005859375e-06,0.014950037002563477,0.0,0.0,0.0,0,0,8,0,0,0.0,0,0,0.0,0.0,0.0,21858.0,0,0,0
matrix_edge_19_0_5000.csv,4/matrix_edge_19_0_5000.csv,4,0.5365140438079834,150,197,29550,0.7067005076142132,20883,8667,80,182,139.22,43.83330088718698,66,148,106.00507614213198,27.349309786654313,0,0.017539262771606445,9.775161743164062e-06,0.01754903793334961,0.0,0.0,0.0,0,0,11,0,0,0.0,0,0,0.0,0.0,0.0,20883.0,0,0,0
matrix_edge_2_83748_88748.csv,4/matrix_edge_2_83748_88748.csv,4,0.6066482067108154,93,337,31341,0.8667240994224817,27164,4177,260,326,292.0860215053763,24.085267845351712,43,92,80.6053412462908,13.63344969916179,0,0.01907658576965332,8.58306884765625e-06,0.019085168838500977,0.0,0.0,0.0,0,0,5,0,0,0.0,0,0,0.0,0.0,0.0,27164.0,0,0,0
matrix_edge_10_48504_53504.csv,4/matrix_edge_10_48504_53504.csv,4,0.5856466293334961,161,202,32522,0.7517987823627084,24450,8072,146,158,151.86335403726707,2.3365762881690837,74,160,121.03960396039604,32.35307101039326,0,0.01652669906616211,8.821487426757812e-06,0.016535520553588867,0.0,0.0,0.0,0,0,6,0,0,0.0,0,0,0.0,0.0,0.0,24450.0,0,0,0
matrix_edge_19_113568_118568.csv,4/matrix_edge_19_113568_118568.csv,4,0.600398063659668,173,188,32524,0.7587012667568565,24676,7848,135,153,142.635838150289,4.372839055731492,81,172,131.25531914893617,32.601049509999875,0,0.01618170738220215,9.298324584960938e-06,0.01619100570678711,0.0,0.0,0.0,0,0,7,0,0,0.0,0,0,0.0,0.0,0.0,24676.0,0,0,0
matrix_edge_2_69790_74790.csv,4/matrix_edge_2_69790_74790.csv,4,0.6126739978790283,239,139,33221,0.7659010866620511,25444,7777,95,119,106.4602510460251,4.9046866771906075,103,237,183.0503597122302,45.148567500559984,14,0.016633033752441406,1.1069996356964111,1.1236326694488525,1.1037089824676514,0.9822685050702791,0.07883635589054652,14,1,7,1,0,8.0,8,8,1.0,0.07883635589054652,12.459587889044798,25444.0,14,0,0
matrix_edge_2_41874_46874.csv,4/matrix_edge_2_41874_46874.csv,4,0.6452581882476807,266,129,34314,0.7998193157311885,27445,6869,83,119,103.17669172932331,10.361273960179872,121,262,212.75193798449612,46.433753929616266,17,0.019597291946411133,1.4234027862548828,1.443000078201294,1.4194555282592773,0.9836836114580361,0.08349738401525161,17,1,8,1,0,11.0,11,11,1.0,0.08349738401525161,11.781011142556954,27445.0,17,0,0
matrix_edge_11_62209_67209.csv,4/matrix_edge_11_62209_67209.csv,4,0.6820316314697266,113,324,36612,0.7846061400633672,28726,7886,200,274,254.21238938053096,18.502547697060834,50,113,88.6604938271605,20.29570397291345,0,0.01890420913696289,9.059906005859375e-06,0.01891326904296875,0.0,0.0,0.0,0,0,6,0,0,0.0,0,0,0.0,0.0,0.0,28725.999999999996,0,0,0
matrix_edge_19_70980_75980.csv,4/matrix_edge_19_70980_75980.csv,4,0.7370085716247559,196,202,39592,0.6927409577692463,27427,12165,131,150,139.93367346938774,5.2973509721321275,93,194,135.77722772277227,40.399917608944804,0,0.016027212142944336,9.059906005859375e-06,0.016036272048950195,0.0,0.0,0.0,0,0,6,0,0,0.0,0,0,0.0,0.0,0.0,27427.0,0,0,0
matrix_edge_10_12126_17126.csv,4/matrix_edge_10_12126_17126.csv,4,0.7679171562194824,116,351,40716,0.7579329993123096,30860,9856,240,303,266.0344827586207,24.760553665778755,55,115,87.92022792022792,15.607888134780582,0,0.02498459815979004,1.049041748046875e-05,0.024995088577270508,0.0,0.0,0.0,0,0,13,0,0,0.0,0,0,0.0,0.0,0.0,30860.0,0,0,0
matrix_edge_2_223328_228328.csv,4/matrix_edge_2_223328_228328.csv,4,0.8104686737060547,234,191,44694,0.8225936367297624,36765,7929,133,174,157.1153846153846,12.719841928979497,55,234,192.4869109947644,39.217457732260094,14,0.024276256561279297,1.583047866821289,1.6073241233825684,1.57977294921875,0.9828589804862521,0.11284092494419642,14,2,11,2,0,11.5,14,9,1.0,0.11284092494419642,8.710128714137255,36765.0,14,0,0
matrix_edge_10_18189_23189.csv,4/matrix_edge_10_18189_23189.csv,4,0.8231067657470703,132,340,44880,0.7181149732620321,32229,12651,145,310,244.1590909090909,73.01461347560318,55,131,94.79117647058824,18.482915285188273,0,0.03985476493835449,1.2159347534179688e-05,0.03986692428588867,0.0,0.0,0.0,0,0,27,0,0,0.0,0,0,0.0,0.0,0.0,32229.0,0,0,0
matrix_edge_2_139580_144580.csv,4/matrix_edge_2_139580_144580.csv,4,0.8520824909210205,328,139,45592,0.7797420600105281,35550,10042,92,122,108.38414634146342,9.841673086895128,157,323,255.75539568345323,46.17247018798865,30,0.019355297088623047,4.648615837097168,4.667971134185791,4.638336420059204,0.9936514787099779,0.15461121400197347,30,2,8,2,0,13.5,15,12,1.0,0.15461121400197347,6.426774960173942,35550.0,30,0,0
matrix_edge_2_55832_60832.csv,4/matrix_edge_2_55832_60832.csv,4,0.9930095672607422,293,186,54498,0.7705787368343793,41995,12503,116,167,143.32764505119454,19.384782222821844,138,288,225.77956989247312,47.090736159812494,0,0.031137943267822266,1.0013580322265625e-05,0.03114795684814453,0.0,0.0,0.0,0,0,10,0,0,0.0,0,0,0.0,0.0,0.0,41995.0,0,0,0
matrix_edge_2_167496_172496.csv,4/matrix_edge_2_167496_172496.csv,4,1.1882455348968506,306,212,64872,0.7812461462572451,50681,14191,135,188,165.62418300653596,13.685517970113496,139,301,239.06132075471697,48.08915672458836,23,0.03470897674560547,2.4807913303375244,2.51550030708313,2.474531650543213,0.98371351558791,0.1075883326323136,23,1,10,1,0,12.0,12,12,1.0,0.1075883326323136,9.14331035271065,50681.0,23,0,0
matrix_edge_2_153538_158538.csv,4/matrix_edge_2_153538_158538.csv,4,1.2272324562072754,338,192,64896,0.7707408777120316,50018,14878,126,164,147.98224852071007,10.138667777043839,162,331,260.5104166666667,53.21898447133055,22,0.036957740783691406,2.016533851623535,2.0534915924072266,2.0083835124969482,0.9780334723175566,0.0912901596589522,22,2,12,2,0,8.5,9,8,1.0,0.0912901596589522,10.713459982667995,50018.0,22,0,0
matrix_edge_2_181454_186454.csv,4/matrix_edge_2_181454_186454.csv,4,1.2582190036773682,285,241,68685,0.7858047608648177,53973,14712,176,211,189.37894736842105,9.245022118939795,153,281,223.95435684647302,38.87486563466586,0,0.040062904357910156,1.0251998901367188e-05,0.04007315635681152,0.0,0.0,0.0,0,0,13,0,0,0.0,0,0,0.0,0.0,0.0,53973.0,0,0,0
matrix_edge_2_13958_18958.csv,4/matrix_edge_2_13958_18958.csv,4,1.4613773822784424,328,243,79704,0.7728470340258958,61599,18105,142,227,187.8018292682927,32.90183657962446,163,323,253.49382716049382,45.694131631969505,5,0.03564286231994629,1.1149649620056152,1.1506078243255615,1.1128363609313965,0.967172599911438,0.2225672721862793,5,1,10,1,0,13.0,13,13,1.0,0.2225672721862793,4.345529288340093,61599.0,5,0,0
matrix_edge_2_195412_200412.csv,4/matrix_edge_2_195412_200412.csv,4,1.6060523986816406,346,256,88576,0.7954524927745664,70458,18118,160,229,203.635838150289,17.71157124846386,154,342,275.2265625,50.74680021374346,24,0.05213308334350586,2.784909248352051,2.8370423316955566,2.7760472297668457,0.978500461114989,0.11566863457361858,24,1,12,1,0,14.0,14,14,1.0,0.11566863457361858,8.45951423842746,70458.0,24,0,0
matrix_edge_2_237286_242286.csv,4/matrix_edge_2_237286_242286.csv,4,1.661242961883545,350,258,90300,0.7815060908084164,70570,19730,152,219,201.62857142857143,15.318869250112451,149,345,273.52713178294573,44.480041255240586,10,0.07483744621276855,1.221787452697754,1.2966248989105225,1.2176272869110107,0.939074429261779,0.12176272869110108,10,1,23,1,0,11.0,11,11,1.0,0.12176272869110108,7.712330689008372,70570.0,10,0,0
matrix_edge_2_209370_214370.csv,4/matrix_edge_2_209370_214370.csv,4,1.661059856414795,358,254,90932,0.7791866449654687,70853,20079,159,231,197.91340782122904,24.021889205731775,169,351,278.9488188976378,50.21874726977122,18,0.05002784729003906,2.6083264350891113,2.6583542823791504,2.6003575325012207,0.9781832127258733,0.14446430736117893,18,2,16,2,0,11.0,11,11,1.0,0.14446430736117893,6.771106514775946,70853.0,18,0,0
matrix_edge_2_125622_130622.csv,4/matrix_edge_2_125622_130622.csv,4,1.8587002754211426,339,297,100683,0.8009097861605237,80638,20045,209,265,237.87020648967552,15.33791348987367,170,334,271.5084175084175,43.045126620542646,36,0.05770301818847656,4.3520667552948,4.409769773483276,4.338318347930908,0.9837970168007368,0.12050884299808079,36,4,17,4,0,11.75,15,9,1.0,0.12050884299808079,8.16369149620335,80638.0,36,0,0
matrix_edge_2_0_5000.csv,4/matrix_edge_2_0_5000.csv,4,2.1525349617004395,311,372,115692,0.758721432769768,87778,27914,211,334,282.2443729903537,40.10065421332627,139,311,235.96236559139786,52.34283883397686,11,0.06774544715881348,1.471102237701416,1.5388476848602295,1.4675846099853516,0.9536906247603377,0.13341678272594104,11,1,17,1,0,14.0,14,14,1.0,0.13341678272594104,7.148205834938828,87778.0,11,0,0
matrix_edge_2_27916_32916.csv,4/matrix_edge_2_27916_32916.csv,4,2.466646432876587,381,346,131826,0.7870450442249632,103753,28073,210,314,272.31758530183725,33.06061291707547,177,375,299.86416184971097,50.529239964099276,11,0.09422492980957031,1.1185338497161865,1.2127587795257568,1.1135153770446777,0.9181672364228213,0.10122867064042525,11,1,22,1,0,7.0,7,7,1.0,0.10122867064042525,9.070229121987056,103753.0,11,0,0
matrix_edge_27_18723_23723.csv,6/matrix_edge_27_18723_23723.csv,6,0.1303093433380127,54,129,6966,0.9656904966982487,6727,239,119,129,124.57407407407408,2.6639003140887083,50,54,52.14728682170543,0.8545434902028323,0,0.00818634033203125,9.298324584960938e-06,0.008195638656616211,0.0,0.0,0.0,0,0,9,0,0,0.0,0,0,0.0,0.0,0.0,6727.0,0,0,0
matrix_edge_27_24964_29964.csv,6/matrix_edge_27_24964_29964.csv,6,0.14337778091430664,58,131,7598,0.962884969728876,7316,282,121,131,126.13793103448276,2.4029312262323237,54,58,55.847328244274806,0.8513418455927225,0,0.005213737487792969,8.58306884765625e-06,0.005222320556640625,0.0,0.0,0.0,0,0,3,0,0,0.0,0,0,0.0,0.0,0.0,7316.0,0,0,0
matrix_edge_27_12482_17482.csv,6/matrix_edge_27_12482_17482.csv,6,0.17003536224365234,46,195,8970,0.9648829431438127,8655,315,176,193,188.15217391304347,3.5322575076272456,41,46,44.38461538461539,0.7979263064547655,0,0.01717519760131836,1.239776611328125e-05,0.01718759536743164,0.0,0.0,0.0,0,0,21,0,0,0.0,0,0,0.0,0.0,0.0,8655.0,0,0,0
matrix_edge_27_6241_11241.csv,6/matrix_edge_27_6241_11241.csv,6,0.19150924682617188,47,218,10246,0.9658403279328518,9896,350,202,217,210.5531914893617,3.7234650450964666,42,47,45.39449541284404,0.7483112317212955,0,0.02085113525390625,1.2636184692382812e-05,0.020863771438598633,0.0,0.0,0.0,0,0,29,0,0,0.0,0,0,0.0,0.0,0.0,9896.0,0,0,0
matrix_edge_27_31205_36205.csv,6/matrix_edge_27_31205_36205.csv,6,0.1923084259033203,45,233,10485,0.9665236051502146,10134,351,210,233,225.2,4.359408726472483,41,45,43.493562231759654,0.8136189049684489,0,0.019692182540893555,1.1444091796875e-05,0.01970362663269043,0.0,0.0,0.0,0,0,27,0,0,0.0,0,0,0.0,0.0,0.0,10134.0,0,0,0
matrix_edge_27_0_5000.csv,6/matrix_edge_27_0_5000.csv,6,0.24775195121765137,50,242,12100,0.9666115702479339,11696,404,219,241,233.92,4.302743310958719,46,50,48.33057851239669,0.7808496088264363,0,0.02402949333190918,1.4781951904296875e-05,0.024044275283813477,0.0,0.0,0.0,0,0,31,0,0,0.0,0,0,0.0,0.0,0.0,11696.0,0,0,0
matrix_edge_27_62410_67410.csv,6/matrix_edge_27_62410_67410.csv,6,0.2672433853149414,38,323,12274,0.9623594590190647,11812,462,293,318,310.8421052631579,5.728627629304898,22,38,36.56965944272446,1.0632951041211403,0,0.023331880569458008,1.621246337890625e-05,0.023348093032836914,0.0,0.0,0.0,0,0,30,0,0,0.0,0,0,0.0,0.0,0.0,11812.0,0,0,0
matrix_edge_27_68651_73651.csv,6/matrix_edge_27_68651_73651.csv,6,0.25295567512512207,48,282,13536,0.9673463356973995,13094,442,261,280,272.7916666666667,4.6005358987356635,44,48,46.43262411347518,0.7514049680998969,0,0.025589704513549805,1.4066696166992188e-05,0.025603771209716797,0.0,0.0,0.0,0,0,33,0,0,0.0,0,0,0.0,0.0,0.0,13094.0,0,0,0
matrix_edge_27_43687_48687.csv,6/matrix_edge_27_43687_48687.csv,6,0.27306342124938965,44,321,14124,0.9652364769187199,13633,491,294,318,309.84090909090907,5.995995564534496,40,44,42.47040498442367,0.7445939062393677,0,0.028908252716064453,1.4543533325195312e-05,0.02892279624938965,0.0,0.0,0.0,0,0,37,0,0,0.0,0,0,0.0,0.0,0.0,13633.0,0,0,0
matrix_edge_27_56169_61169.csv,6/matrix_edge_27_56169_61169.csv,6,0.28033018112182617,41,353,14473,0.9643474055137152,13957,516,325,349,340.4146341463415,5.79728956751047,37,41,39.538243626062325,0.6974939175426177,0,0.028044700622558594,1.3828277587890625e-05,0.028058528900146484,0.0,0.0,0.0,0,0,35,0,0,0.0,0,0,0.0,0.0,0.0,13957.0,0,0,0
matrix_edge_27_81133_86133.csv,6/matrix_edge_27_81133_86133.csv,6,0.2976686954498291,38,400,15200,0.9475,14402,798,360,389,379.0,5.978029951853968,0,38,36.005,4.822341236370566,0,0.02693653106689453,1.3589859008789062e-05,0.02695012092590332,0.0,0.0,0.0,0,0,31,0,0,0.0,0,0,0.0,0.0,0.0,14402.0,0,0,0
matrix_edge_27_74892_79892.csv,6/matrix_edge_27_74892_79892.csv,6,0.312389612197876,45,371,16695,0.9651392632524708,16113,582,340,369,358.06666666666666,6.60437565389627,41,45,43.43126684636118,0.7924803339745509,0,0.0312504768371582,1.5974044799804688e-05,0.03126645088195801,0.0,0.0,0.0,0,0,37,0,0,0.0,0,0,0.0,0.0,0.0,16113.0,0,0,0
matrix_edge_27_49928_54928.csv,6/matrix_edge_27_49928_54928.csv,6,0.36165523529052734,46,410,18860,0.9663838812301166,18226,634,379,407,396.2173913043478,7.018339465064433,41,46,44.453658536585365,0.7644853397039401,0,0.033837080001831055,1.7404556274414062e-05,0.03385448455810547,0.0,0.0,0.0,0,0,39,0,0,0.0,0,0,0.0,0.0,0.0,18226.0,0,0,0
matrix_edge_27_37446_42446.csv,6/matrix_edge_27_37446_42446.csv,6,0.4099588394165039,101,210,21210,0.8264969354078265,17530,3680,122,204,173.56435643564356,26.58310929581695,44,100,83.47619047619048,21.64875240575363,0,0.016516685485839844,9.5367431640625e-06,0.016526222229003906,0.0,0.0,0.0,0,0,6,0,0,0.0,0,0,0.0,0.0,0.0,17530.0,0,0,0
matrix_edge_2_97706_102706.csv,8/matrix_edge_2_97706_102706.csv,8,0.3129739761352539,57,284,16188,0.933283914010378,15108,1080,209,283,265.05263157894734,23.78442734864269,39,57,53.19718309859155,3.4401102107708055,0,0.01930856704711914,1.0728836059570312e-05,0.01931929588317871,0.0,0.0,0.0,0,0,18,0,0,0.0,0,0,0.0,0.0,0.0,15108.0,0,0,0
matrix_edge_2_111664_116664.csv,8/matrix_edge_2_111664_116664.csv,8,0.34633827209472656,139,133,18487,0.8208470817331097,15175,3312,93,129,109.1726618705036,10.73415047591682,82,137,114.09774436090225,22.622387162435572,0,0.00800323486328125,8.106231689453125e-06,0.008011341094970703,0.0,0.0,0.0,0,0,3,0,0,0.0,0,0,0.0,0.0,0.0,15175.0,0,0,0
matrix_edge_2_83748_88748.csv,8/matrix_edge_2_83748_88748.csv,8,0.5753889083862305,93,337,31341,0.8667240994224817,27164,4177,260,326,292.0860215053763,24.085267845351712,43,92,80.6053412462908,13.63344969916179,0,0.019057035446166992,9.059906005859375e-06,0.01906609535217285,0.0,0.0,0.0,0,0,5,0,0,0.0,0,0,0.0,0.0,0.0,27164.0,0,0,0
matrix_edge_2_69790_74790.csv,8/matrix_edge_2_69790_74790.csv,8,0.596442461013794,239,139,33221,0.7659010866620511,25444,7777,95,119,106.4602510460251,4.9046866771906075,103,237,183.0503597122302,45.148567500559984,14,0.01577901840209961,1.1481661796569824,1.163945198059082,1.144974708557129,0.9837015612645792,0.08178390775408063,14,1,7,1,0,8.0,8,8,1.0,0.08178390775408063,12.028057698374006,25444.0,14,0,0
matrix_edge_2_41874_46874.csv,8/matrix_edge_2_41874_46874.csv,8,0.6265504360198975,266,129,34314,0.7998193157311885,27445,6869,83,119,103.17669172932331,10.361273960179872,121,262,212.75193798449612,46.433753929616266,17,0.01958155632019043,1.3827075958251953,1.4022891521453857,1.3784165382385254,0.9829759690643423,0.08108332577873678,17,1,8,1,0,11.0,11,11,1.0,0.08108332577873678,12.123034663707848,27445.0,17,0,0
matrix_edge_2_223328_228328.csv,8/matrix_edge_2_223328_228328.csv,8,0.8540410995483398,234,191,44694,0.8225936367297624,36765,7929,133,174,157.1153846153846,12.719841928979497,55,234,192.4869109947644,39.217457732260094,14,0.024279356002807617,1.5327870845794678,1.5570664405822754,1.5293395519256592,0.9821928673472357,0.10923853942326137,14,2,11,2,0,11.5,14,9,1.0,0.10923853942326137,8.99126693319818,36765.0,14,0,0
matrix_edge_2_139580_144580.csv,8/matrix_edge_2_139580_144580.csv,8,0.8425028324127197,328,139,45592,0.7797420600105281,35550,10042,92,122,108.38414634146342,9.841673086895128,157,323,255.75539568345323,46.17247018798865,30,0.01933765411376953,4.641835451126099,4.661173105239868,4.6311938762664795,0.993568308171244,0.15437312920888266,30,2,8,2,0,13.5,15,12,1.0,0.15437312920888266,6.436148008808219,35550.0,30,0,0
matrix_edge_2_55832_60832.csv,8/matrix_edge_2_55832_60832.csv,8,0.9842956066131592,293,186,54498,0.7705787368343793,41995,12503,116,167,143.32764505119454,19.384782222821844,138,288,225.77956989247312,47.090736159812494,0,0.031169652938842773,9.775161743164062e-06,0.031179428100585938,0.0,0.0,0.0,0,0,10,0,0,0.0,0,0,0.0,0.0,0.0,41995.0,0,0,0
matrix_edge_2_167496_172496.csv,8/matrix_edge_2_167496_172496.csv,8,1.2256669998168945,306,212,64872,0.7812461462572451,50681,14191,135,188,165.62418300653596,13.685517970113496,139,301,239.06132075471697,48.08915672458836,23,0.03668689727783203,2.4659323692321777,2.5026192665100098,2.459620475769043,0.9828184848904603,0.10694002068561057,23,1,10,1,0,12.0,12,12,1.0,0.10694002068561057,9.1903711874137,50681.0,23,0,0
matrix_edge_2_153538_158538.csv,8/matrix_edge_2_153538_158538.csv,8,1.1988627910614014,338,192,64896,0.7707408777120316,50018,14878,126,164,147.98224852071007,10.138667777043839,162,331,260.5104166666667,53.21898447133055,22,0.037079811096191406,2.008669137954712,2.0457489490509033,2.0002613067626953,0.9777647974306372,0.09092096848921342,22,2,12,2,0,8.5,9,8,1.0,0.09092096848921342,10.754007724264795,50018.0,22,0,0
matrix_edge_2_181454_186454.csv,8/matrix_edge_2_181454_186454.csv,8,1.2966928482055664,285,241,68685,0.7858047608648177,53973,14712,176,211,189.37894736842105,9.245022118939795,153,281,223.95435684647302,38.87486563466586,0,0.04012727737426758,1.0013580322265625e-05,0.040137290954589844,0.0,0.0,0.0,0,0,13,0,0,0.0,0,0,0.0,0.0,0.0,53973.0,0,0,0
matrix_edge_2_13958_18958.csv,8/matrix_edge_2_13958_18958.csv,8,1.4933407306671143,328,243,79704,0.7728470340258958,61599,18105,142,227,187.8018292682927,32.90183657962446,163,323,253.49382716049382,45.694131631969505,5,0.035820960998535156,1.061920404434204,1.0977413654327393,1.0597829818725586,0.9654213781538449,0.21195659637451172,5,1,10,1,0,13.0,13,13,1.0,0.21195659637451172,4.554806949475714,61599.0,5,0,0
matrix_edge_2_195412_200412.csv,8/matrix_edge_2_195412_200412.csv,8,1.6219103336334229,346,256,88576,0.7954524927745664,70458,18118,160,229,203.635838150289,17.71157124846386,154,342,275.2265625,50.74680021374346,24,0.05198955535888672,2.767054557800293,2.8190441131591797,2.7581076622009277,0.9783840023383092,0.11492115259170532,24,1,12,1,0,14.0,14,14,1.0,0.11492115259170532,8.513524101296964,70458.0,24,0,0
matrix_edge_2_237286_242286.csv,8/matrix_edge_2_237286_242286.csv,8,1.7223947048187256,350,258,90300,0.7815060908084164,70570,19730,152,219,201.62857142857143,15.318869250112451,149,345,273.52713178294573,44.480041255240586,10,0.0709996223449707,1.1987924575805664,1.269792079925537,1.1946663856506348,0.9408362239278514,0.11946663856506348,10,1,23,1,0,11.0,11,11,1.0,0.11946663856506348,7.8753050661541515,70570.0,10,0,0
matrix_edge_2_209370_214370.csv,8/matrix_edge_2_209370_214370.csv,8,1.6789360046386719,358,254,90932,0.7791866449654687,70853,20079,159,231,197.91340782122904,24.021889205731775,169,351,278.9488188976378,50.21874726977122,18,0.04997706413269043,2.6081626415252686,2.658139705657959,2.600560426712036,0.9783385053752581,0.14447557926177979,18,2,16,2,0,11.0,11,11,1.0,0.14447557926177979,6.7716531082569755,70853.0,18,0,0
matrix_edge_2_125622_130622.csv,8/matrix_edge_2_125622_130622.csv,8,1.8612794876098633,339,297,100683,0.8009097861605237,80638,20045,209,265,237.87020648967552,15.33791348987367,170,334,271.5084175084175,43.045126620542646,36,0.05786442756652832,4.396787881851196,4.454652309417725,4.383013963699341,0.983918308154616,0.12175038788053724,36,4,17,4,0,11.75,15,9,1.0,0.12175038788053724,8.081438796893584,80638.0,36,0,0
matrix_edge_2_0_5000.csv,8/matrix_edge_2_0_5000.csv,8,2.2502615451812744,311,372,115692,0.758721432769768,87778,27914,211,334,282.2443729903537,40.10065421332627,139,311,235.96236559139786,52.34283883397686,11,0.06886863708496094,1.4941086769104004,1.5629773139953613,1.4905908107757568,0.9536867857444671,0.13550825552506882,11,1,17,1,0,14.0,14,14,1.0,0.13550825552506882,7.037850070824922,87778.0,11,0,0
matrix_edge_2_27916_32916.csv,8/matrix_edge_2_27916_32916.csv,8,2.4998788833618164,381,346,131826,0.7870450442249632,103753,28073,210,314,272.31758530183725,33.06061291707547,177,375,299.86416184971097,50.529239964099276,11,0.0966651439666748,1.098235845565796,1.1949009895324707,1.0932471752166748,0.914926997963597,0.09938610683787953,11,1,22,1,0,7.0,7,7,1.0,0.09938610683787953,9.205783656019879,103753.0,11,0,0
